<?xml version="1.0" encoding="utf-8"?>
<ApplicationInstallerManifest>
   <DefaultInstallationDirectory>/Applications/La_Jolla_Institute/PRESTO/</DefaultInstallationDirectory>
   <ApplicationName>PRESTO</ApplicationName>
   <ExecutableName>application/PRESTO.exe</ExecutableName>
   <GUID>c1814dc2-1513-412b-9354-fd5261be3bf7</GUID>
   <ApplicationIcon>default_icon_48.png</ApplicationIcon>
   <Logo>default_logo.png</Logo>
   <Version>1.1</Version>
   <InstallationNotes>In the following directions, replace MCR_ROOT by the directory where the MATLAB Runtime is installed on the target machine.

If the environment variable DYLD_LIBRARY_PATH is undefined, set it to the concatenation of the following strings:

    MCR_ROOT/v92/runtime/maci64:
    MCR_ROOT/v92/sys/os/maci64:
    MCR_ROOT/v92/bin/maci64

If it is defined, set it to the concatenation of these strings:

    ${LD_LIBRARY_PATH}: 
    MCR_ROOT/v92/runtime/maci64:
    MCR_ROOT/v92/sys/os/maci64:
    MCR_ROOT/v92/bin/maci64</InstallationNotes>
   <AuthorOrganization>La Jolla Institute</AuthorOrganization>
   <Summary>Stand-alone PRESTO application</Summary>
   <WelcomePanelText>PRESTO 1.1
Stand-alone PRESTO application

Updated with minor bug fixes, DBScan,

Sara McArdle
smcardle@lji.org</WelcomePanelText>
   <MCRProducts>
      <MCRProduct>
         <ExternalProductIdentifier>35000</ExternalProductIdentifier>
      </MCRProduct>
      <MCRProduct>
         <ExternalProductIdentifier>35010</ExternalProductIdentifier>
      </MCRProduct>
   </MCRProducts>
</ApplicationInstallerManifest>